{
  "name" : "mt_DMT-1743659409002",
  "sourceOrgId" : "1F8g3lPvri6knxQ2TiJlAI",
  "sourceOrgName" : "Unifi Data Management Services",
  "exportedObjects" : [ {
    "objectGuid" : "gH9eNqRSYA5ggqlvXgN5E1",
    "objectName" : "Jepson",
    "objectType" : "Folder",
    "path" : "/Explore/batch_6",
    "metadata" : {
      "modelVersion" : {
        "major" : 0,
        "minor" : 0
      },
      "repoInfo" : null,
      "objectRefs" : [ ],
      "contextAttributes" : [ ],
      "additionalInfo" : {
        "description" : "",
        "contentType" : "Binary",
        "documentState" : "COMPLETE"
      }
    }
  }, {
    "objectGuid" : "gXNP5pEvPK1jU4hmHapfao",
    "objectName" : "m_param_for_DMT",
    "objectType" : "DTEMPLATE",
    "path" : "/Explore/batch_6/Jepson",
    "metadata" : {
      "modelVersion" : {
        "major" : 0,
        "minor" : 0
      },
      "repoInfo" : {
        "repoHandle" : "010RZJ17000000000434"
      },
      "objectRefs" : [ ],
      "contextAttributes" : [ {
        "name" : "id",
        "value" : "@1"
      } ],
      "additionalInfo" : {
        "description" : "",
        "contentType" : "JSON",
        "documentState" : "VALID"
      }
    }
  }, {
    "objectGuid" : "eGIcIG01haLgaSrGnBktAA",
    "objectName" : "batch_6",
    "objectType" : "Project",
    "path" : "/Explore",
    "metadata" : {
      "modelVersion" : {
        "major" : 0,
        "minor" : 0
      },
      "repoInfo" : null,
      "objectRefs" : [ ],
      "contextAttributes" : [ ],
      "additionalInfo" : {
        "description" : "",
        "contentType" : "Binary",
        "documentState" : "COMPLETE"
      }
    }
  }, {
    "objectGuid" : "2Ugnn3nv2ejcrK2erXYb6P",
    "objectName" : "mt_DMT",
    "objectType" : "BATCH_MAPPING",
    "path" : "/Explore/batch_6/Jepson",
    "metadata" : {
      "modelVersion" : {
        "major" : 1,
        "minor" : 0
      },
      "repoInfo" : {
        "repoHandle" : "augptLBmmnekD8D7rFq8gU"
      },
      "objectRefs" : [ "gXNP5pEvPK1jU4hmHapfao", "4IlJYbeRzMObbv3Oadw3GV", "04beH3mBQa1hGK9HzLMxos", "8vQdEw23iIudiKBlmsX562" ],
      "contextAttributes" : [ ],
      "additionalInfo" : {
        "description" : "",
        "contentType" : "application/json; charset=utf-8",
        "documentState" : "VALID"
      }
    }
  }, {
    "objectGuid" : "4IlJYbeRzMObbv3Oadw3GV",
    "objectName" : "sherin_095",
    "objectType" : "AgentGroup",
    "path" : "/SYS",
    "metadata" : {
      "modelVersion" : {
        "major" : 0,
        "minor" : 0
      },
      "repoInfo" : {
        "repoHandle" : "010RZJ2500000000004L"
      },
      "objectRefs" : [ ],
      "contextAttributes" : [ {
        "name" : "id",
        "value" : "@1"
      } ],
      "additionalInfo" : {
        "description" : null,
        "contentType" : "JSON",
        "documentState" : "VALID"
      }
    }
  }, {
    "objectGuid" : "04beH3mBQa1hGK9HzLMxos",
    "objectName" : "sherin_sqlserver",
    "objectType" : "Connection",
    "path" : "/SYS",
    "metadata" : {
      "modelVersion" : {
        "major" : 0,
        "minor" : 0
      },
      "repoInfo" : {
        "repoHandle" : "010RZJ0B0000000000EG"
      },
      "objectRefs" : [ "4IlJYbeRzMObbv3Oadw3GV" ],
      "contextAttributes" : [ {
        "name" : "id",
        "value" : "@1"
      } ],
      "additionalInfo" : {
        "description" : null,
        "contentType" : "JSON",
        "documentState" : "COMPLETE"
      }
    }
  }, {
    "objectGuid" : "8vQdEw23iIudiKBlmsX562",
    "objectName" : "SQL_SRVR_SDB",
    "objectType" : "Connection",
    "path" : "/SYS",
    "metadata" : {
      "modelVersion" : {
        "major" : 0,
        "minor" : 0
      },
      "repoInfo" : {
        "repoHandle" : "010RZJ0B00000000007K"
      },
      "objectRefs" : [ "4IlJYbeRzMObbv3Oadw3GV" ],
      "contextAttributes" : [ {
        "name" : "id",
        "value" : "@1"
      } ],
      "additionalInfo" : {
        "description" : null,
        "contentType" : "JSON",
        "documentState" : "COMPLETE"
      }
    }
  } ]
}